order_id,user_id,product_id,order_date,price,quantity,status
ORD00001,USER164,PROD12,2026-01-17 21:56:50.625543,380.79,8,completed
ORD00002,USER029,PROD20,2026-03-03 21:56:50.625543,951.21,3,completed
ORD00003,USER007,PROD01,2025-07-15 21:56:50.625543,734.67,8,cancelled
ORD00004,USER190,PROD46,2025-10-28 21:56:50.625543,602.67,5,completed
ORD00005,USER071,PROD35,2025-11-01 21:56:50.625543,164.46,1,completed
ORD00006,USER063,PROD09,2025-09-16 21:56:50.625543,164.43,7,pending
ORD00007,USER058,PROD18,2025-11-09 21:56:50.625543,67.5,5,completed
ORD00008,USER036,PROD03,2025-11-20 21:56:50.625543,867.51,6,completed
ORD00009,USER189,PROD04,2025-10-15 21:56:50.625543,605.1,6,completed
ORD00010,USER027,PROD36,2026-04-07 21:56:50.625543,710.99,8,pending
ORD00011,USER174,PROD19,2026-02-25 21:56:50.625543,30.38,9,completed
ORD00012,USER190,PROD45,2025-05-21 21:56:50.625543,970.21,2,completed
ORD00013,USER140,PROD09,2026-03-14 21:56:50.625543,834.12,9,pending
ORD00014,USER023,PROD41,2026-03-22 21:56:50.625543,220.22,9,completed
ORD00015,USER152,PROD49,2025-10-13 21:56:50.625543,190.01,7,pending
ORD00016,USER109,PROD32,2025-05-28 21:56:50.625543,191.57,1,completed
ORD00017,USER009,PROD07,2025-10-10 21:56:50.625543,311.2,7,shipped
ORD00018,USER008,PROD01,2025-06-12 21:56:50.625543,529.51,5,completed
ORD00019,USER024,PROD37,2026-02-04 21:56:50.625543,437.63,6,completed
ORD00020,USER056,PROD19,2026-04-07 21:56:50.625543,298.32,7,completed
ORD00021,USER060,PROD31,2025-11-08 21:56:50.625543,615.73,5,completed
ORD00022,USER130,PROD31,2025-09-17 21:56:50.625543,148.1,7,cancelled
ORD00023,USER155,PROD29,2025-09-01 21:56:50.625543,299.22,9,shipped
ORD00024,USER007,PROD22,2026-03-27 21:56:50.625543,372.7,3,completed
ORD00025,USER144,PROD12,2026-02-27 21:56:50.625543,461.51,8,completed
ORD00026,USER051,PROD04,2025-07-10 21:56:50.625543,787.32,2,pending
ORD00027,USER184,PROD17,2025-10-12 21:56:50.625543,207.68,7,cancelled
ORD00028,USER167,PROD31,2025-06-05 21:56:50.625543,519.09,2,completed
ORD00029,USER180,PROD08,2026-02-17 21:56:50.625543,596.49,4,completed
ORD00030,USER140,PROD05,2026-03-30 21:56:50.625543,55.99,7,completed
ORD00031,USER108,PROD26,2025-07-06 21:56:50.625543,611.47,3,completed
ORD00032,USER057,PROD32,2025-10-21 21:56:50.625543,178.82,2,completed
ORD00033,USER115,PROD05,2025-09-30 21:56:50.625543,74.4,7,completed
ORD00034,USER151,PROD37,2026-03-26 21:56:50.625543,949.4,1,completed
ORD00035,USER072,PROD41,2026-04-17 21:56:50.625543,965.98,8,pending
ORD00036,USER002,PROD44,2026-03-30 21:56:50.625543,810.31,3,completed
ORD00037,USER195,PROD04,2025-11-11 21:56:50.625543,311.57,2,completed
ORD00038,USER041,PROD10,2025-06-30 21:56:50.625543,106.7,3,completed
ORD00039,USER179,PROD10,2026-02-23 21:56:50.625543,687.39,5,completed
ORD00040,USER109,PROD37,2026-04-22 21:56:50.625543,445.75,8,completed
ORD00041,USER088,PROD20,2025-06-07 21:56:50.625543,130.82,7,completed
ORD00042,USER072,PROD06,2025-09-30 21:56:50.625543,500.23,7,completed
ORD00043,USER040,PROD16,2026-02-05 21:56:50.625543,44.04,7,completed
ORD00044,USER056,PROD08,2025-11-03 21:56:50.625543,910.23,8,completed
ORD00045,USER196,PROD36,2026-03-20 21:56:50.625543,266.19,1,completed
ORD00046,USER087,PROD49,2025-10-10 21:56:50.625543,665.9,4,cancelled
ORD00047,USER027,PROD27,2025-06-29 21:56:50.625543,318.59,6,completed
ORD00048,USER024,PROD39,2026-04-03 21:56:50.625543,524.87,9,cancelled
ORD00049,USER098,PROD39,2026-04-19 21:56:50.625543,551.24,2,completed
ORD00050,USER025,PROD40,2026-04-10 21:56:50.625543,193.01,1,completed
ORD00051,USER092,PROD15,2026-01-19 21:56:50.625543,,2,completed
ORD00052,USER089,PROD50,2025-06-11 21:56:50.625543,,7,completed
ORD00053,USER155,PROD34,2026-03-21 21:56:50.625543,,3,pending
ORD00054,USER068,PROD25,2026-04-03 21:56:50.625543,,2,pending
ORD00055,USER012,PROD29,2025-11-27 21:56:50.625543,,7,pending
ORD00056,USER187,PROD29,2026-01-10 21:56:50.625543,,2,completed
ORD00057,USER118,PROD20,2025-10-27 21:56:50.625543,97.61,3,completed
ORD00058,USER138,PROD38,2025-05-04 21:56:50.625543,204.02,7,completed
ORD00059,USER032,PROD28,2025-10-27 21:56:50.625543,54.78,4,completed
ORD00060,USER097,PROD20,2025-09-30 21:56:50.625543,332.08,1,completed
ORD00061,USER021,PROD37,2025-07-26 21:56:50.625543,394.79,5,completed
ORD00062,USER142,PROD40,2025-08-12 21:56:50.625543,278.64,9,completed
ORD00063,USER076,PROD04,2025-10-16 21:56:50.625543,830.45,8,completed
ORD00064,USER161,PROD40,2025-12-29 21:56:50.625543,363.19,9,pending
ORD00065,USER159,PROD48,2025-08-01 21:56:50.625543,288.13,9,shipped
ORD00066,USER093,PROD07,2025-08-18 21:56:50.625543,547.27,7,shipped
ORD00067,USER148,PROD49,2025-07-04 21:56:50.625543,149.51,4,completed
ORD00068,USER050,PROD14,2025-07-13 21:56:50.625543,804.18,5,completed
ORD00069,USER181,PROD41,2025-06-03 21:56:50.625543,83.81,1,completed
ORD00070,USER018,PROD14,2025-09-23 21:56:50.625543,987.02,1,pending
ORD00071,USER012,PROD17,2025-06-15 21:56:50.625543,774.52,3,completed
ORD00072,USER170,PROD43,2026-01-09 21:56:50.625543,206.73,8,completed
ORD00073,USER059,PROD06,2026-01-26 21:56:50.625543,15.47,2,cancelled
ORD00074,USER198,PROD11,2026-01-19 21:56:50.625543,817.31,4,completed
ORD00075,USER075,PROD16,2025-05-14 21:56:50.625543,709.79,2,completed
ORD00076,USER021,PROD12,2026-03-29 21:56:50.625543,731.72,5,completed
ORD00077,USER060,PROD36,2025-10-14 21:56:50.625543,773.56,9,completed
ORD00078,USER026,PROD05,2026-03-07 21:56:50.625543,83.3,1,completed
ORD00079,USER098,PROD11,2025-07-01 21:56:50.625543,364.88,5,completed
ORD00080,USER072,PROD01,2026-02-24 21:56:50.625543,124.71,9,completed
ORD00081,USER117,PROD27,2025-11-03 21:56:50.625543,864.47,1,completed
ORD00082,USER163,PROD29,2025-07-12 21:56:50.625543,627.07,9,cancelled
ORD00083,USER094,PROD45,2025-07-17 21:56:50.625543,337.59,8,completed
ORD00084,USER042,PROD39,2025-07-26 21:56:50.625543,72.92,4,completed
ORD00085,USER095,PROD31,2026-04-14 21:56:50.625543,317.87,5,completed
ORD00086,USER091,PROD19,2026-03-10 21:56:50.625543,331.93,5,shipped
ORD00087,USER054,PROD03,2025-07-18 21:56:50.625543,732.31,6,completed
ORD00088,USER172,PROD15,2025-12-05 21:56:50.625543,641.18,7,completed
ORD00089,USER069,PROD19,2025-05-17 21:56:50.625543,888.34,8,cancelled
ORD00090,USER180,PROD46,2025-11-21 21:56:50.625543,477.49,8,cancelled
ORD00091,USER175,PROD19,2025-10-28 21:56:50.625543,128.4,2,completed
ORD00092,USER166,PROD45,2026-04-06 21:56:50.625543,716.11,9,cancelled
ORD00093,USER019,PROD30,2025-08-24 21:56:50.625543,763.18,7,completed
ORD00094,USER156,PROD05,2025-12-08 21:56:50.625543,565.66,4,completed
ORD00095,USER163,PROD44,2026-03-03 21:56:50.625543,773.26,4,completed
ORD00096,USER044,PROD15,2025-09-17 21:56:50.625543,498.86,8,completed
ORD00097,USER137,PROD17,2025-12-10 21:56:50.625543,527.51,4,pending
ORD00098,USER187,PROD41,2025-08-22 21:56:50.625543,433.27,6,completed
ORD00099,USER063,PROD38,2026-01-23 21:56:50.625543,35.16,5,completed
ORD00100,USER042,PROD43,2025-08-25 21:56:50.625543,116.81,3,pending
ORD00101,USER119,PROD13,2025-09-30 21:56:50.625543,41.11,-1,pending
ORD00102,USER098,PROD28,2025-12-21 21:56:50.625543,640.05,-1,completed
ORD00103,USER070,PROD08,2025-08-02 21:56:50.625543,321.21,-1,completed
ORD00104,USER164,PROD35,2025-10-30 21:56:50.625543,513.48,1,completed
ORD00105,USER177,PROD15,2026-04-07 21:56:50.625543,908.49,3,pending
ORD00106,USER143,PROD42,2026-02-11 21:56:50.625543,256.8,8,completed
ORD00107,USER057,PROD10,2025-12-06 21:56:50.625543,416.28,6,shipped
ORD00108,USER176,PROD18,2025-12-17 21:56:50.625543,758.0,5,completed
ORD00109,USER084,PROD10,2025-09-16 21:56:50.625543,236.51,5,completed
ORD00110,USER197,PROD05,2025-11-06 21:56:50.625543,86.21,6,completed
ORD00111,USER199,PROD04,2026-01-07 21:56:50.625543,296.85,7,completed
ORD00112,USER015,PROD11,2026-01-20 21:56:50.625543,169.61,1,completed
ORD00113,USER059,PROD20,2025-11-25 21:56:50.625543,930.4,9,shipped
ORD00114,USER009,PROD39,2025-07-16 21:56:50.625543,810.04,3,completed
ORD00115,USER081,PROD48,2025-08-05 21:56:50.625543,637.07,4,completed
ORD00116,USER103,PROD37,2026-02-28 21:56:50.625543,872.75,1,pending
ORD00117,USER069,PROD19,2025-07-04 21:56:50.625543,805.64,3,completed
ORD00118,USER017,PROD29,2025-08-31 21:56:50.625543,194.7,2,pending
ORD00119,USER055,PROD08,2025-05-21 21:56:50.625543,893.63,2,completed
ORD00120,USER146,PROD30,2026-03-19 21:56:50.625543,543.95,1,completed
ORD00121,USER184,PROD45,2025-12-27 21:56:50.625543,809.37,8,completed
ORD00122,USER081,PROD20,2025-11-01 21:56:50.625543,897.13,3,completed
ORD00123,USER055,PROD45,2026-02-02 21:56:50.625543,324.82,3,shipped
ORD00124,USER168,PROD26,2025-06-16 21:56:50.625543,118.95,6,completed
ORD00125,USER128,PROD18,2026-04-24 21:56:50.625543,235.66,8,completed
ORD00126,USER102,PROD33,2026-01-14 21:56:50.625543,432.84,9,completed
ORD00127,USER165,PROD35,2025-06-27 21:56:50.625543,819.83,9,completed
ORD00128,USER118,PROD32,2025-09-17 21:56:50.625543,862.12,4,cancelled
ORD00129,USER037,PROD29,2025-06-06 21:56:50.625543,16.88,5,completed
ORD00130,USER068,PROD06,2025-07-16 21:56:50.625543,515.64,2,completed
ORD00131,USER036,PROD39,2025-09-11 21:56:50.625543,423.24,9,shipped
ORD00132,USER064,PROD03,2025-12-11 21:56:50.625543,229.89,8,completed
ORD00133,USER191,PROD28,2026-01-12 21:56:50.625543,128.67,3,shipped
ORD00134,USER144,PROD48,2025-07-09 21:56:50.625543,344.24,9,completed
ORD00135,USER138,PROD21,2025-12-04 21:56:50.625543,943.48,3,completed
ORD00136,USER068,PROD39,2025-06-10 21:56:50.625543,329.97,9,completed
ORD00137,USER192,PROD17,2025-08-16 21:56:50.625543,523.6,2,pending
ORD00138,USER150,PROD02,2025-12-11 21:56:50.625543,705.99,9,shipped
ORD00139,USER110,PROD06,2025-10-20 21:56:50.625543,369.99,8,completed
ORD00140,USER150,PROD15,2025-05-08 21:56:50.625543,972.06,9,completed
ORD00141,USER103,PROD44,2025-11-23 21:56:50.625543,962.82,5,completed
ORD00142,USER093,PROD37,2025-05-22 21:56:50.625543,259.26,2,completed
ORD00143,USER057,PROD38,2025-11-13 21:56:50.625543,502.28,8,completed
ORD00144,USER036,PROD02,2026-01-07 21:56:50.625543,307.87,6,shipped
ORD00145,USER131,PROD49,2025-11-02 21:56:50.625543,291.99,8,completed
ORD00146,USER127,PROD44,2025-08-23 21:56:50.625543,46.52,5,completed
ORD00147,USER024,PROD18,2025-11-08 21:56:50.625543,613.47,2,completed
ORD00148,USER194,PROD37,2025-06-05 21:56:50.625543,507.65,6,completed
ORD00149,USER013,PROD03,2025-11-02 21:56:50.625543,60.96,5,completed
ORD00150,USER029,PROD49,2025-08-17 21:56:50.625543,285.86,5,completed
ORD00151,USER040,PROD49,2025-05-09 21:56:50.625543,909.18,1,cancelled
ORD00152,USER161,PROD12,2025-10-05 21:56:50.625543,247.17,2,completed
ORD00153,USER041,PROD31,2025-06-14 21:56:50.625543,153.45,8,completed
ORD00154,USER175,PROD34,2026-04-25 21:56:50.625543,494.56,3,completed
ORD00155,USER109,PROD42,2026-03-23 21:56:50.625543,985.79,3,cancelled
ORD00156,USER153,PROD29,2025-10-13 21:56:50.625543,249.63,8,pending
ORD00157,USER017,PROD18,2025-07-08 21:56:50.625543,675.41,8,completed
ORD00158,USER099,PROD12,2025-07-04 21:56:50.625543,764.0,2,pending
ORD00159,USER098,PROD38,2025-05-14 21:56:50.625543,245.26,8,completed
ORD00160,USER153,PROD28,2025-09-18 21:56:50.625543,730.93,1,completed
ORD00161,USER120,PROD41,2025-12-22 21:56:50.625543,374.11,6,completed
ORD00162,USER136,PROD32,2026-04-16 21:56:50.625543,635.98,8,completed
ORD00163,USER065,PROD06,2025-07-05 21:56:50.625543,637.19,3,completed
ORD00164,USER142,PROD31,2026-04-21 21:56:50.625543,540.42,8,shipped
ORD00165,USER003,PROD23,2025-12-21 21:56:50.625543,99.39,1,cancelled
ORD00166,USER175,PROD27,2025-12-10 21:56:50.625543,836.95,9,completed
ORD00167,USER185,PROD22,2026-03-06 21:56:50.625543,327.57,9,completed
ORD00168,USER030,PROD21,2025-04-27 21:56:50.625543,194.65,5,completed
ORD00169,USER175,PROD43,2025-06-04 21:56:50.625543,50.37,4,completed
ORD00170,USER138,PROD07,2025-05-04 21:56:50.625543,594.98,6,completed
ORD00171,USER193,PROD11,2025-09-03 21:56:50.625543,680.79,7,completed
ORD00172,USER069,PROD22,2025-08-13 21:56:50.625543,26.42,5,completed
ORD00173,USER197,PROD27,2025-07-10 21:56:50.625543,516.97,9,cancelled
ORD00174,USER165,PROD45,2026-01-30 21:56:50.625543,234.23,3,completed
ORD00175,USER088,PROD32,2026-03-02 21:56:50.625543,648.72,7,completed
ORD00176,USER029,PROD19,2026-01-20 21:56:50.625543,182.62,5,pending
ORD00177,USER076,PROD43,2025-11-27 21:56:50.625543,694.03,7,completed
ORD00178,USER112,PROD26,2025-06-20 21:56:50.625543,392.87,2,completed
ORD00179,USER041,PROD49,2025-09-19 21:56:50.625543,937.36,4,completed
ORD00180,USER117,PROD36,2025-08-24 21:56:50.625543,146.15,2,completed
ORD00181,USER001,PROD03,2025-09-26 21:56:50.625543,347.66,7,pending
ORD00182,USER185,PROD30,2025-06-26 21:56:50.625543,122.34,2,completed
ORD00183,USER185,PROD06,2025-05-19 21:56:50.625543,925.45,1,completed
ORD00184,USER068,PROD21,2025-08-25 21:56:50.625543,878.57,9,cancelled
ORD00185,USER129,PROD17,2025-11-25 21:56:50.625543,265.36,1,cancelled
ORD00186,USER196,PROD21,2026-03-18 21:56:50.625543,663.38,8,cancelled
ORD00187,USER046,PROD08,2026-03-09 21:56:50.625543,819.05,2,completed
ORD00188,USER130,PROD50,2025-12-15 21:56:50.625543,559.65,8,completed
ORD00189,USER028,PROD26,2025-05-27 21:56:50.625543,534.35,3,shipped
ORD00190,USER161,PROD33,2025-06-20 21:56:50.625543,249.43,6,pending
ORD00191,USER077,PROD01,2026-01-05 21:56:50.625543,102.17,3,completed
ORD00192,USER164,PROD43,2026-02-24 21:56:50.625543,898.24,7,completed
ORD00193,USER130,PROD35,2026-01-24 21:56:50.625543,901.41,9,completed
ORD00194,USER156,PROD30,2025-05-03 21:56:50.625543,636.77,2,shipped
ORD00195,USER051,PROD27,2026-03-14 21:56:50.625543,345.64,5,completed
ORD00196,USER040,PROD04,2026-01-13 21:56:50.625543,355.72,6,completed
ORD00197,USER096,PROD13,2026-02-13 21:56:50.625543,728.7,4,completed
ORD00198,USER196,PROD34,2025-08-26 21:56:50.625543,898.14,4,completed
ORD00199,USER042,PROD24,2025-07-07 21:56:50.625543,888.22,4,cancelled
ORD00200,USER139,PROD40,2025-09-21 21:56:50.625543,782.08,2,completed
ORD00201,USER200,PROD49,,645.61,4,pending
ORD00202,USER136,PROD32,2025-04-25 21:56:50.625543,93.3,1,shipped
ORD00203,USER001,PROD41,2026-03-05 21:56:50.625543,170.01,6,completed
ORD00204,USER154,PROD29,2025-10-22 21:56:50.625543,899.57,1,completed
ORD00205,USER083,PROD49,2025-08-26 21:56:50.625543,610.36,6,completed
ORD00206,USER126,PROD04,2026-02-11 21:56:50.625543,19.11,1,pending
ORD00207,USER005,PROD14,2025-11-24 21:56:50.625543,110.46,6,completed
ORD00208,USER029,PROD18,2025-07-29 21:56:50.625543,666.87,8,completed
ORD00209,USER093,PROD36,2026-03-31 21:56:50.625543,15.01,2,pending
ORD00210,USER079,PROD09,2026-04-02 21:56:50.625543,169.2,2,completed
ORD00211,USER062,PROD19,2025-06-07 21:56:50.625543,553.25,4,shipped
ORD00212,USER015,PROD29,2026-01-18 21:56:50.625543,694.98,3,completed
ORD00213,USER062,PROD45,2025-10-26 21:56:50.625543,655.44,4,completed
ORD00214,USER146,PROD32,2025-05-29 21:56:50.625543,232.03,7,completed
ORD00215,USER021,PROD08,2026-01-19 21:56:50.625543,715.06,1,pending
ORD00216,USER022,PROD02,2026-01-28 21:56:50.625543,244.88,6,completed
ORD00217,USER188,PROD41,2026-01-09 21:56:50.625543,332.15,3,cancelled
ORD00218,USER125,PROD39,2026-01-09 21:56:50.625543,749.03,7,shipped
ORD00219,USER018,PROD16,2026-02-02 21:56:50.625543,653.14,2,completed
ORD00220,USER195,PROD46,2025-05-05 21:56:50.625543,850.73,2,shipped
ORD00221,USER137,PROD11,2025-11-10 21:56:50.625543,661.04,4,completed
ORD00222,USER197,PROD20,2025-12-21 21:56:50.625543,572.63,1,completed
ORD00223,USER033,PROD36,2025-05-17 21:56:50.625543,102.74,3,completed
ORD00224,USER033,PROD01,2026-03-16 21:56:50.625543,374.04,9,cancelled
ORD00225,USER169,PROD36,2025-11-09 21:56:50.625543,272.55,7,completed
ORD00226,USER122,PROD27,2025-11-02 21:56:50.625543,251.55,7,completed
ORD00227,USER141,PROD06,2025-09-01 21:56:50.625543,973.28,4,completed
ORD00228,USER043,PROD15,2025-05-03 21:56:50.625543,399.17,2,completed
ORD00229,USER068,PROD08,2025-10-24 21:56:50.625543,893.13,4,completed
ORD00230,USER136,PROD30,2025-05-29 21:56:50.625543,634.83,6,cancelled
ORD00231,USER156,PROD08,2025-10-18 21:56:50.625543,796.86,3,cancelled
ORD00232,USER109,PROD42,2025-08-26 21:56:50.625543,507.61,1,completed
ORD00233,USER055,PROD10,2026-03-27 21:56:50.625543,581.13,8,shipped
ORD00234,USER139,PROD32,2026-03-12 21:56:50.625543,497.59,5,completed
ORD00235,USER194,PROD46,2025-06-17 21:56:50.625543,203.29,5,shipped
ORD00236,USER187,PROD19,2026-02-16 21:56:50.625543,725.23,4,completed
ORD00237,USER177,PROD33,2025-10-12 21:56:50.625543,287.96,6,completed
ORD00238,USER052,PROD46,2025-07-02 21:56:50.625543,34.07,3,completed
ORD00239,USER183,PROD18,2025-05-17 21:56:50.625543,649.02,9,cancelled
ORD00240,USER080,PROD27,2025-10-22 21:56:50.625543,185.34,5,completed
ORD00241,USER103,PROD31,2026-01-29 21:56:50.625543,941.05,3,completed
ORD00242,USER172,PROD31,2025-10-15 21:56:50.625543,954.39,1,completed
ORD00243,USER167,PROD16,2026-03-20 21:56:50.625543,915.72,6,completed
ORD00244,USER096,PROD30,2025-07-23 21:56:50.625543,376.46,2,completed
ORD00245,USER113,PROD36,2026-04-10 21:56:50.625543,25.3,3,pending
ORD00246,USER133,PROD10,2025-12-18 21:56:50.625543,929.04,1,cancelled
ORD00247,USER116,PROD25,2026-04-16 21:56:50.625543,433.9,9,completed
ORD00248,USER031,PROD13,2025-12-26 21:56:50.625543,966.99,8,pending
ORD00249,USER064,PROD39,2026-03-14 21:56:50.625543,963.98,2,completed
ORD00250,USER058,PROD33,2025-07-27 21:56:50.625543,854.48,8,cancelled
ORD00251,USER017,PROD48,2025-07-03 21:56:50.625543,301.5,9,cancelled
ORD00252,USER087,PROD09,2025-05-27 21:56:50.625543,391.25,1,completed
ORD00253,USER006,PROD05,2025-12-15 21:56:50.625543,852.63,5,pending
ORD00254,USER151,PROD18,2025-05-13 21:56:50.625543,323.75,8,completed
ORD00255,USER142,PROD50,2025-09-22 21:56:50.625543,177.8,2,completed
ORD00256,USER059,PROD27,2025-08-06 21:56:50.625543,561.23,4,cancelled
ORD00257,USER151,PROD22,2025-05-17 21:56:50.625543,936.79,7,completed
ORD00258,USER057,PROD33,2025-08-05 21:56:50.625543,699.07,3,completed
ORD00259,USER002,PROD18,2025-05-16 21:56:50.625543,574.36,5,completed
ORD00260,USER019,PROD01,2025-10-03 21:56:50.625543,106.2,8,cancelled
ORD00261,USER182,PROD19,2025-09-30 21:56:50.625543,618.86,3,completed
ORD00262,USER162,PROD47,2026-01-13 21:56:50.625543,990.15,4,completed
ORD00263,USER016,PROD20,2025-11-14 21:56:50.625543,148.68,9,pending
ORD00264,USER059,PROD38,2026-01-28 21:56:50.625543,523.15,7,cancelled
ORD00265,USER018,PROD38,2025-12-23 21:56:50.625543,878.6,1,completed
ORD00266,USER009,PROD43,2025-09-01 21:56:50.625543,743.36,4,completed
ORD00267,USER085,PROD32,2025-05-13 21:56:50.625543,700.05,4,completed
ORD00268,USER019,PROD10,2026-03-22 21:56:50.625543,705.46,9,completed
ORD00269,USER132,PROD29,2025-07-31 21:56:50.625543,365.9,6,completed
ORD00270,USER061,PROD35,2025-09-18 21:56:50.625543,300.66,9,pending
ORD00271,USER072,PROD31,2025-10-24 21:56:50.625543,811.27,6,completed
ORD00272,USER172,PROD23,2025-05-19 21:56:50.625543,812.01,6,completed
ORD00273,USER125,PROD22,2026-03-26 21:56:50.625543,868.4,5,completed
ORD00274,USER055,PROD36,2025-10-11 21:56:50.625543,914.11,5,cancelled
ORD00275,USER139,PROD49,2025-09-11 21:56:50.625543,516.23,2,completed
ORD00276,USER034,PROD35,2025-06-27 21:56:50.625543,506.5,8,shipped
ORD00277,USER186,PROD25,2025-10-30 21:56:50.625543,800.31,8,completed
ORD00278,USER147,PROD30,2025-12-04 21:56:50.625543,653.46,1,completed
ORD00279,USER148,PROD21,2025-11-15 21:56:50.625543,704.95,8,completed
ORD00280,USER122,PROD13,2025-12-06 21:56:50.625543,797.83,5,completed
ORD00281,USER063,PROD45,2025-11-08 21:56:50.625543,891.11,2,completed
ORD00282,USER122,PROD16,2025-10-15 21:56:50.625543,344.62,2,completed
ORD00283,USER105,PROD37,2025-07-29 21:56:50.625543,381.83,6,completed
ORD00284,USER049,PROD25,2026-01-04 21:56:50.625543,103.04,9,cancelled
ORD00285,USER025,PROD15,2026-04-14 21:56:50.625543,582.5,1,completed
ORD00286,USER025,PROD50,2026-01-04 21:56:50.625543,45.58,6,cancelled
ORD00287,USER169,PROD27,2025-10-30 21:56:50.625543,470.94,9,completed
ORD00288,USER111,PROD03,2026-01-15 21:56:50.625543,547.22,8,completed
ORD00289,USER091,PROD21,2025-09-08 21:56:50.625543,293.68,6,completed
ORD00290,USER109,PROD48,2025-06-06 21:56:50.625543,594.92,3,completed
ORD00291,USER106,PROD31,2025-11-28 21:56:50.625543,40.2,8,completed
ORD00292,USER120,PROD46,2025-06-04 21:56:50.625543,46.97,9,completed
ORD00293,USER187,PROD25,2025-12-01 21:56:50.625543,824.37,1,completed
ORD00294,USER014,PROD25,2026-02-27 21:56:50.625543,366.59,9,completed
ORD00295,USER173,PROD43,2025-07-26 21:56:50.625543,135.79,6,completed
ORD00296,USER168,PROD42,2026-01-29 21:56:50.625543,527.02,6,shipped
ORD00297,USER166,PROD10,2025-09-22 21:56:50.625543,772.29,4,cancelled
ORD00298,USER026,PROD32,2025-10-06 21:56:50.625543,223.66,1,pending
ORD00299,USER016,PROD03,2025-06-16 21:56:50.625543,626.66,8,pending
ORD00300,USER104,PROD09,2025-06-04 21:56:50.625543,94.49,2,completed
ORD00301,USER187,PROD33,2025-10-09 21:56:50.625543,61.16,1,completed
ORD00302,USER087,PROD38,2026-03-29 21:56:50.625543,536.04,2,shipped
ORD00303,USER028,PROD22,2025-09-23 21:56:50.625543,545.23,1,completed
ORD00304,USER064,PROD07,2025-09-28 21:56:50.625543,641.06,1,completed
ORD00305,USER050,PROD29,2025-12-09 21:56:50.625543,728.83,9,completed
ORD00306,USER049,PROD07,2026-02-27 21:56:50.625543,976.09,1,completed
ORD00307,USER138,PROD34,2025-11-29 21:56:50.625543,521.14,4,completed
ORD00308,USER115,PROD30,2025-07-19 21:56:50.625543,329.73,6,cancelled
ORD00309,USER036,PROD01,2026-04-13 21:56:50.625543,797.23,7,completed
ORD00310,USER109,PROD47,2025-12-08 21:56:50.625543,278.12,2,completed
ORD00311,USER047,PROD10,2025-10-21 21:56:50.625543,444.58,6,shipped
ORD00312,USER072,PROD27,2025-12-09 21:56:50.625543,87.67,7,completed
ORD00313,USER119,PROD42,2025-05-16 21:56:50.625543,35.1,2,completed
ORD00314,USER064,PROD10,2025-10-22 21:56:50.625543,963.02,2,completed
ORD00315,USER020,PROD05,2026-03-05 21:56:50.625543,837.62,7,pending
ORD00316,USER114,PROD31,2025-12-03 21:56:50.625543,699.01,1,shipped
ORD00317,USER141,PROD17,2025-09-12 21:56:50.625543,414.86,8,completed
ORD00318,USER026,PROD22,2026-03-18 21:56:50.625543,181.56,3,cancelled
ORD00319,USER013,PROD40,2025-05-24 21:56:50.625543,164.87,6,completed
ORD00320,USER167,PROD45,2025-06-02 21:56:50.625543,257.74,9,shipped
ORD00321,USER139,PROD26,2026-04-03 21:56:50.625543,553.73,6,pending
ORD00322,USER004,PROD42,2026-03-17 21:56:50.625543,717.45,9,cancelled
ORD00323,USER024,PROD06,2025-11-18 21:56:50.625543,663.6,7,completed
ORD00324,USER193,PROD22,2025-10-28 21:56:50.625543,287.13,9,shipped
ORD00325,USER061,PROD44,2026-01-12 21:56:50.625543,955.32,2,pending
ORD00326,USER043,PROD35,2026-04-07 21:56:50.625543,740.52,8,completed
ORD00327,USER105,PROD25,2025-07-15 21:56:50.625543,558.81,8,cancelled
ORD00328,USER125,PROD21,2025-05-10 21:56:50.625543,615.6,2,completed
ORD00329,USER124,PROD41,2025-07-07 21:56:50.625543,425.4,4,cancelled
ORD00330,USER055,PROD46,2026-03-02 21:56:50.625543,255.25,7,completed
ORD00331,USER103,PROD49,2026-04-07 21:56:50.625543,362.41,4,pending
ORD00332,USER016,PROD32,2025-12-05 21:56:50.625543,760.27,4,completed
ORD00333,USER043,PROD35,2025-05-12 21:56:50.625543,24.25,6,completed
ORD00334,USER098,PROD03,2025-06-28 21:56:50.625543,124.91,6,completed
ORD00335,USER001,PROD40,2025-05-29 21:56:50.625543,55.54,3,completed
ORD00336,USER100,PROD05,2025-08-23 21:56:50.625543,50.32,9,completed
ORD00337,USER068,PROD16,2026-03-21 21:56:50.625543,856.91,2,completed
ORD00338,USER117,PROD41,2025-10-29 21:56:50.625543,706.62,6,completed
ORD00339,USER074,PROD44,2025-10-27 21:56:50.625543,479.43,7,completed
ORD00340,USER109,PROD19,2025-11-07 21:56:50.625543,106.86,9,completed
ORD00341,USER179,PROD15,2026-02-09 21:56:50.625543,496.7,3,pending
ORD00342,USER188,PROD48,2025-05-11 21:56:50.625543,478.74,3,completed
ORD00343,USER143,PROD06,2026-02-28 21:56:50.625543,181.47,7,shipped
ORD00344,USER170,PROD28,2025-07-12 21:56:50.625543,439.51,4,cancelled
ORD00345,USER184,PROD07,2026-04-07 21:56:50.625543,404.52,8,completed
ORD00346,USER125,PROD49,2025-12-11 21:56:50.625543,619.69,7,completed
ORD00347,USER040,PROD41,2025-10-31 21:56:50.625543,638.74,5,cancelled
ORD00348,USER049,PROD46,2025-11-01 21:56:50.625543,54.85,7,completed
ORD00349,USER076,PROD07,2025-12-08 21:56:50.625543,380.87,3,completed
ORD00350,USER056,PROD29,2025-06-03 21:56:50.625543,629.6,2,completed
ORD00351,USER015,PROD11,2026-02-12 21:56:50.625543,508.1,6,pending
ORD00352,USER149,PROD45,2025-07-04 21:56:50.625543,857.92,2,completed
ORD00353,USER189,PROD20,2026-01-21 21:56:50.625543,662.11,3,completed
ORD00354,USER139,PROD02,2025-10-29 21:56:50.625543,171.31,6,shipped
ORD00355,USER016,PROD03,2025-11-14 21:56:50.625543,79.86,5,cancelled
ORD00356,USER192,PROD21,2025-10-02 21:56:50.625543,646.0,8,completed
ORD00357,USER081,PROD04,2026-03-23 21:56:50.625543,36.25,9,completed
ORD00358,USER015,PROD19,2025-09-14 21:56:50.625543,589.92,3,cancelled
ORD00359,USER013,PROD23,2025-08-30 21:56:50.625543,940.83,3,completed
ORD00360,USER150,PROD24,2025-06-22 21:56:50.625543,579.72,3,completed
ORD00361,USER123,PROD28,2025-05-08 21:56:50.625543,394.29,6,completed
ORD00362,USER129,PROD10,2025-07-29 21:56:50.625543,646.86,1,shipped
ORD00363,USER136,PROD16,2026-01-05 21:56:50.625543,463.67,7,completed
ORD00364,USER041,PROD34,2026-01-15 21:56:50.625543,550.16,1,cancelled
ORD00365,USER015,PROD27,2025-11-09 21:56:50.625543,942.05,5,cancelled
ORD00366,USER131,PROD37,2026-02-06 21:56:50.625543,392.24,8,completed
ORD00367,USER021,PROD44,2025-06-24 21:56:50.625543,961.58,4,completed
ORD00368,USER048,PROD12,2025-09-06 21:56:50.625543,906.3,5,completed
ORD00369,USER018,PROD11,2025-09-05 21:56:50.625543,203.83,4,completed
ORD00370,USER153,PROD12,2026-04-20 21:56:50.625543,78.67,4,completed
ORD00371,USER018,PROD06,2025-12-09 21:56:50.625543,109.77,8,pending
ORD00372,USER173,PROD40,2025-08-12 21:56:50.625543,28.04,2,completed
ORD00373,USER061,PROD25,2026-03-04 21:56:50.625543,103.5,1,cancelled
ORD00374,USER104,PROD40,2025-09-18 21:56:50.625543,686.18,3,completed
ORD00375,USER031,PROD44,2026-04-15 21:56:50.625543,80.48,9,completed
ORD00376,USER146,PROD16,2026-01-01 21:56:50.625543,325.79,4,completed
ORD00377,USER064,PROD32,2025-08-05 21:56:50.625543,846.43,5,completed
ORD00378,USER149,PROD38,2025-06-26 21:56:50.625543,33.04,2,pending
ORD00379,USER153,PROD10,2025-07-03 21:56:50.625543,816.32,4,completed
ORD00380,USER011,PROD15,2025-06-01 21:56:50.625543,289.04,2,completed
ORD00381,USER159,PROD30,2025-12-12 21:56:50.625543,126.98,2,completed
ORD00382,USER021,PROD41,2025-07-22 21:56:50.625543,699.77,4,completed
ORD00383,USER108,PROD17,2026-04-25 21:56:50.625543,632.65,6,completed
ORD00384,USER169,PROD30,2025-12-08 21:56:50.625543,878.7,7,completed
ORD00385,USER150,PROD17,2025-06-08 21:56:50.625543,737.72,3,shipped
ORD00386,USER145,PROD43,2026-04-09 21:56:50.625543,805.45,3,completed
ORD00387,USER134,PROD01,2025-10-05 21:56:50.625543,289.21,6,pending
ORD00388,USER081,PROD30,2026-04-01 21:56:50.625543,185.67,3,completed
ORD00389,USER067,PROD19,2025-10-19 21:56:50.625543,753.11,2,completed
ORD00390,USER053,PROD44,2026-04-23 21:56:50.625543,808.77,8,completed
ORD00391,USER172,PROD35,2025-05-28 21:56:50.625543,990.6,5,completed
ORD00392,USER184,PROD11,2026-01-31 21:56:50.625543,418.49,1,completed
ORD00393,USER081,PROD05,2026-01-27 21:56:50.625543,378.3,3,completed
ORD00394,USER062,PROD29,2025-09-20 21:56:50.625543,778.65,8,completed
ORD00395,USER068,PROD23,2025-09-25 21:56:50.625543,347.4,4,completed
ORD00396,USER102,PROD38,2025-07-14 21:56:50.625543,931.45,7,completed
ORD00397,USER034,PROD20,2026-04-24 21:56:50.625543,859.83,2,shipped
ORD00398,USER172,PROD41,2026-04-23 21:56:50.625543,434.7,7,completed
ORD00399,USER166,PROD28,2026-04-18 21:56:50.625543,753.36,5,completed
ORD00400,USER077,PROD45,2026-03-17 21:56:50.625543,757.0,5,completed
ORD00401,USER118,PROD17,2025-07-23 21:56:50.625543,112.09,6,completed
ORD00402,USER081,PROD30,2025-10-27 21:56:50.625543,903.53,9,completed
ORD00403,USER193,PROD20,2026-01-10 21:56:50.625543,510.2,6,completed
ORD00404,USER019,PROD13,2025-08-17 21:56:50.625543,828.19,8,completed
ORD00405,USER003,PROD25,2025-06-26 21:56:50.625543,326.85,7,completed
ORD00406,USER118,PROD31,2025-08-05 21:56:50.625543,896.57,9,completed
ORD00407,USER160,PROD07,2025-07-05 21:56:50.625543,395.31,4,completed
ORD00408,USER145,PROD16,2025-08-24 21:56:50.625543,20.73,2,completed
ORD00409,USER026,PROD25,2026-01-02 21:56:50.625543,906.33,7,completed
ORD00410,USER019,PROD37,2025-05-08 21:56:50.625543,100.37,6,completed
ORD00411,USER138,PROD23,2025-10-26 21:56:50.625543,326.12,1,cancelled
ORD00412,USER055,PROD37,2026-02-02 21:56:50.625543,950.56,9,completed
ORD00413,USER130,PROD19,2026-02-12 21:56:50.625543,951.1,9,completed
ORD00414,USER068,PROD45,2025-10-30 21:56:50.625543,577.7,2,completed
ORD00415,USER034,PROD19,2025-12-20 21:56:50.625543,635.52,3,shipped
ORD00416,USER090,PROD02,2026-02-01 21:56:50.625543,453.96,5,completed
ORD00417,USER018,PROD43,2025-06-30 21:56:50.625543,300.28,5,completed
ORD00418,USER063,PROD26,2026-03-04 21:56:50.625543,335.38,1,completed
ORD00419,USER095,PROD18,2025-06-08 21:56:50.625543,675.79,8,completed
ORD00420,USER073,PROD01,2025-05-28 21:56:50.625543,754.85,8,completed
ORD00421,USER041,PROD37,2025-09-30 21:56:50.625543,793.66,4,completed
ORD00422,USER113,PROD44,2025-11-14 21:56:50.625543,791.72,7,cancelled
ORD00423,USER140,PROD50,2025-12-26 21:56:50.625543,100.29,3,completed
ORD00424,USER181,PROD48,2026-01-19 21:56:50.625543,499.48,6,pending
ORD00425,USER078,PROD04,2025-11-21 21:56:50.625543,66.98,9,shipped
ORD00426,USER157,PROD39,2025-11-20 21:56:50.625543,554.03,1,completed
ORD00427,USER168,PROD48,2026-02-13 21:56:50.625543,447.12,5,completed
ORD00428,USER136,PROD32,2025-06-01 21:56:50.625543,888.83,4,completed
ORD00429,USER003,PROD19,2025-06-28 21:56:50.625543,357.41,8,completed
ORD00430,USER171,PROD50,2025-10-04 21:56:50.625543,125.9,1,completed
ORD00431,USER142,PROD15,2026-03-19 21:56:50.625543,151.56,9,shipped
ORD00432,USER077,PROD39,2025-06-01 21:56:50.625543,763.9,6,pending
ORD00433,USER170,PROD23,2025-12-11 21:56:50.625543,622.04,4,completed
ORD00434,USER027,PROD15,2025-12-19 21:56:50.625543,110.11,9,completed
ORD00435,USER035,PROD41,2026-04-08 21:56:50.625543,93.27,5,cancelled
ORD00436,USER068,PROD13,2026-01-14 21:56:50.625543,703.96,5,shipped
ORD00437,USER030,PROD40,2025-10-18 21:56:50.625543,82.04,5,cancelled
ORD00438,USER028,PROD17,2025-06-29 21:56:50.625543,823.64,1,completed
ORD00439,USER191,PROD44,2026-02-01 21:56:50.625543,709.18,1,completed
ORD00440,USER142,PROD49,2026-03-18 21:56:50.625543,90.54,8,completed
ORD00441,USER040,PROD47,2026-02-19 21:56:50.625543,93.99,8,completed
ORD00442,USER070,PROD50,2025-07-27 21:56:50.625543,986.77,6,completed
ORD00443,USER073,PROD43,2025-06-30 21:56:50.625543,380.53,4,completed
ORD00444,USER155,PROD44,2025-12-02 21:56:50.625543,376.94,2,completed
ORD00445,USER054,PROD09,2026-01-07 21:56:50.625543,814.67,2,completed
ORD00446,USER184,PROD41,2025-05-23 21:56:50.625543,947.78,9,completed
ORD00447,USER088,PROD07,2025-06-27 21:56:50.625543,986.14,5,completed
ORD00448,USER053,PROD41,2026-01-15 21:56:50.625543,755.84,4,completed
ORD00449,USER176,PROD42,2025-07-12 21:56:50.625543,382.5,1,completed
ORD00450,USER163,PROD03,2025-09-27 21:56:50.625543,92.67,7,completed
ORD00451,USER068,PROD20,2025-07-18 21:56:50.625543,779.38,3,pending
ORD00452,USER130,PROD29,2025-07-16 21:56:50.625543,562.82,6,completed
ORD00453,USER126,PROD03,2025-10-07 21:56:50.625543,429.98,5,completed
ORD00454,USER065,PROD38,2026-04-23 21:56:50.625543,907.29,5,completed
ORD00455,USER014,PROD24,2025-08-18 21:56:50.625543,120.09,5,shipped
ORD00456,USER024,PROD47,2025-10-19 21:56:50.625543,497.7,1,completed
ORD00457,USER163,PROD09,2026-01-15 21:56:50.625543,21.24,1,completed
ORD00458,USER109,PROD06,2025-09-17 21:56:50.625543,473.97,3,completed
ORD00459,USER071,PROD19,2025-06-04 21:56:50.625543,65.74,4,completed
ORD00460,USER012,PROD21,2025-08-31 21:56:50.625543,127.63,5,completed
ORD00461,USER001,PROD48,2025-08-03 21:56:50.625543,126.35,2,completed
ORD00462,USER086,PROD27,2026-03-16 21:56:50.625543,652.72,8,shipped
ORD00463,USER198,PROD12,2026-02-01 21:56:50.625543,748.58,2,completed
ORD00464,USER034,PROD13,2025-09-12 21:56:50.625543,587.54,9,cancelled
ORD00465,USER164,PROD09,2025-06-28 21:56:50.625543,962.55,2,pending
ORD00466,USER068,PROD35,2026-03-11 21:56:50.625543,381.12,9,completed
ORD00467,USER042,PROD24,2025-09-27 21:56:50.625543,292.85,7,shipped
ORD00468,USER190,PROD34,2026-03-05 21:56:50.625543,869.91,8,completed
ORD00469,USER114,PROD33,2026-01-23 21:56:50.625543,231.36,2,completed
ORD00470,USER142,PROD18,2025-06-11 21:56:50.625543,963.59,7,completed
ORD00471,USER181,PROD11,2026-01-07 21:56:50.625543,22.03,6,completed
ORD00472,USER110,PROD17,2026-03-19 21:56:50.625543,970.18,4,completed
ORD00473,USER144,PROD31,2025-07-20 21:56:50.625543,52.73,7,completed
ORD00474,USER003,PROD19,2026-02-22 21:56:50.625543,892.23,4,completed
ORD00475,USER029,PROD48,2026-02-16 21:56:50.625543,532.42,2,completed
ORD00476,USER020,PROD22,2025-07-12 21:56:50.625543,993.04,7,completed
ORD00477,USER177,PROD08,2025-07-21 21:56:50.625543,83.06,8,completed
ORD00478,USER039,PROD30,2026-03-28 21:56:50.625543,558.32,2,completed
ORD00479,USER140,PROD05,2026-03-10 21:56:50.625543,969.61,5,completed
ORD00480,USER010,PROD10,2026-02-28 21:56:50.625543,527.87,1,pending
ORD00481,USER095,PROD49,2025-10-14 21:56:50.625543,633.1,7,completed
ORD00482,USER150,PROD15,2026-02-07 21:56:50.625543,698.79,8,cancelled
ORD00483,USER142,PROD44,2025-05-16 21:56:50.625543,460.0,6,completed
ORD00484,USER038,PROD47,2025-05-09 21:56:50.625543,631.28,5,completed
ORD00485,USER111,PROD44,2025-06-05 21:56:50.625543,588.47,6,completed
ORD00486,USER033,PROD26,2025-05-18 21:56:50.625543,902.15,2,completed
ORD00487,USER011,PROD36,2026-03-19 21:56:50.625543,54.99,1,completed
ORD00488,USER079,PROD24,2026-02-14 21:56:50.625543,288.15,7,pending
ORD00489,USER094,PROD06,2025-09-07 21:56:50.625543,950.91,7,completed
ORD00490,USER011,PROD26,2026-03-24 21:56:50.625543,891.36,2,pending
ORD00491,USER092,PROD01,2025-08-10 21:56:50.625543,461.1,2,cancelled
ORD00492,USER054,PROD17,2026-02-11 21:56:50.625543,623.93,1,cancelled
ORD00493,USER175,PROD35,2025-11-24 21:56:50.625543,284.61,8,shipped
ORD00494,USER064,PROD08,2026-03-07 21:56:50.625543,196.24,8,completed
ORD00495,USER171,PROD30,2026-03-18 21:56:50.625543,469.06,1,completed
ORD00496,USER027,PROD24,2025-05-10 21:56:50.625543,359.82,8,completed
ORD00497,USER091,PROD44,2026-01-04 21:56:50.625543,587.82,9,completed
ORD00498,USER200,PROD48,2026-03-12 21:56:50.625543,86.96,4,completed
ORD00499,USER144,PROD44,2026-01-29 21:56:50.625543,974.65,1,pending
ORD00500,USER105,PROD17,2025-09-20 21:56:50.625543,986.35,1,completed
ORD00501,USER159,PROD38,2026-03-19 21:56:50.625543,701.18,3,completed
ORD00502,USER192,PROD25,2025-09-26 21:56:50.625543,540.74,5,completed
ORD00503,USER040,PROD41,2025-12-28 21:56:50.625543,316.43,5,completed
ORD00504,USER061,PROD24,2025-08-28 21:56:50.625543,815.66,9,completed
ORD00505,USER042,PROD07,2026-04-10 21:56:50.625543,687.88,2,cancelled
ORD00506,USER046,PROD44,2025-11-18 21:56:50.625543,170.99,2,completed
ORD00507,USER106,PROD15,2025-09-24 21:56:50.625543,911.82,6,completed
ORD00508,USER007,PROD31,2025-12-13 21:56:50.625543,824.31,9,completed
ORD00509,USER046,PROD02,2025-06-01 21:56:50.625543,950.3,1,completed
ORD00510,USER189,PROD40,2026-04-12 21:56:50.625543,728.46,9,completed
ORD00511,USER086,PROD36,2025-05-25 21:56:50.625543,617.28,9,completed
ORD00512,USER106,PROD21,2025-07-14 21:56:50.625543,424.06,9,completed
ORD00513,USER172,PROD40,2025-12-06 21:56:50.625543,933.4,5,completed
ORD00514,USER189,PROD15,2025-11-23 21:56:50.625543,867.4,9,completed
ORD00515,USER064,PROD42,2025-12-28 21:56:50.625543,54.77,4,completed
ORD00516,USER069,PROD05,2025-12-18 21:56:50.625543,36.1,2,completed
ORD00517,USER041,PROD41,2025-08-07 21:56:50.625543,382.7,6,completed
ORD00518,USER180,PROD30,2025-10-16 21:56:50.625543,812.45,4,completed
ORD00519,USER028,PROD45,2026-03-01 21:56:50.625543,987.4,6,shipped
ORD00520,USER098,PROD20,2025-07-07 21:56:50.625543,158.91,3,completed
ORD00521,USER010,PROD42,2025-10-02 21:56:50.625543,598.19,6,completed
ORD00522,USER121,PROD27,2025-10-05 21:56:50.625543,387.08,2,completed
ORD00523,USER057,PROD08,2025-10-18 21:56:50.625543,970.22,2,completed
ORD00524,USER052,PROD09,2025-11-15 21:56:50.625543,843.7,9,completed
ORD00525,USER118,PROD03,2025-06-30 21:56:50.625543,839.95,7,completed
ORD00526,USER090,PROD03,2025-10-31 21:56:50.625543,474.01,3,shipped
ORD00527,USER079,PROD20,2026-01-13 21:56:50.625543,420.67,1,completed
ORD00528,USER059,PROD32,2026-02-06 21:56:50.625543,280.67,8,completed
ORD00529,USER058,PROD08,2025-06-18 21:56:50.625543,65.81,6,completed
ORD00530,USER007,PROD07,2025-10-05 21:56:50.625543,866.08,7,completed
ORD00531,USER169,PROD16,2025-08-26 21:56:50.625543,814.77,9,completed
ORD00532,USER050,PROD35,2025-12-19 21:56:50.625543,999.72,5,completed
ORD00533,USER103,PROD09,2025-06-26 21:56:50.625543,996.67,1,pending
ORD00534,USER085,PROD25,2025-09-08 21:56:50.625543,559.88,7,completed
ORD00535,USER072,PROD30,2025-12-11 21:56:50.625543,771.3,5,completed
ORD00536,USER018,PROD24,2025-08-29 21:56:50.625543,945.32,3,shipped
ORD00537,USER198,PROD43,2025-07-06 21:56:50.625543,851.15,9,completed
ORD00538,USER072,PROD48,2025-06-13 21:56:50.625543,254.87,1,shipped
ORD00539,USER090,PROD45,2025-05-20 21:56:50.625543,456.04,1,completed
ORD00540,USER165,PROD35,2025-09-20 21:56:50.625543,137.87,1,cancelled
ORD00541,USER131,PROD27,2025-11-07 21:56:50.625543,954.51,3,completed
ORD00542,USER103,PROD38,2026-03-06 21:56:50.625543,610.11,6,cancelled
ORD00543,USER174,PROD48,2025-11-25 21:56:50.625543,236.36,3,shipped
ORD00544,USER138,PROD47,2025-08-30 21:56:50.625543,674.98,8,completed
ORD00545,USER085,PROD10,2025-07-15 21:56:50.625543,621.95,2,shipped
ORD00546,USER008,PROD27,2025-10-09 21:56:50.625543,364.58,9,completed
ORD00547,USER030,PROD42,2026-02-14 21:56:50.625543,122.42,3,completed
ORD00548,USER067,PROD07,2025-10-02 21:56:50.625543,674.86,5,completed
ORD00549,USER046,PROD32,2025-07-31 21:56:50.625543,525.1,8,completed
ORD00550,USER149,PROD40,2025-07-15 21:56:50.625543,774.6,2,completed
ORD00551,USER068,PROD27,2026-01-05 21:56:50.625543,524.96,6,completed
ORD00552,USER010,PROD18,2026-01-13 21:56:50.625543,853.66,5,completed
ORD00553,USER028,PROD03,2025-12-20 21:56:50.625543,556.39,9,pending
ORD00554,USER153,PROD45,2026-01-05 21:56:50.625543,565.33,5,cancelled
ORD00555,USER112,PROD24,2025-09-29 21:56:50.625543,877.89,2,completed
ORD00556,USER089,PROD14,2026-01-04 21:56:50.625543,409.45,5,completed
ORD00557,USER187,PROD29,2025-05-06 21:56:50.625543,142.68,4,completed
ORD00558,USER081,PROD29,2025-06-10 21:56:50.625543,38.49,7,completed
ORD00559,USER112,PROD16,2025-11-12 21:56:50.625543,757.59,6,completed
ORD00560,USER156,PROD24,2026-01-08 21:56:50.625543,624.11,2,completed
ORD00561,USER131,PROD07,2025-12-15 21:56:50.625543,707.04,5,completed
ORD00562,USER030,PROD44,2025-08-26 21:56:50.625543,220.83,7,shipped
ORD00563,USER099,PROD24,2025-08-13 21:56:50.625543,145.01,7,completed
ORD00564,USER148,PROD35,2026-02-17 21:56:50.625543,24.4,5,completed
ORD00565,USER049,PROD42,2025-10-22 21:56:50.625543,357.08,9,completed
ORD00566,USER066,PROD23,2025-05-19 21:56:50.625543,594.02,4,completed
ORD00567,USER012,PROD04,2025-05-20 21:56:50.625543,398.32,3,completed
ORD00568,USER182,PROD26,2025-09-16 21:56:50.625543,443.1,4,completed
ORD00569,USER112,PROD18,2026-01-03 21:56:50.625543,905.12,5,completed
ORD00570,USER001,PROD13,2026-02-24 21:56:50.625543,354.77,6,completed
ORD00571,USER134,PROD08,2026-03-25 21:56:50.625543,518.85,3,shipped
ORD00572,USER138,PROD30,2026-04-04 21:56:50.625543,785.82,2,cancelled
ORD00573,USER176,PROD06,2025-12-21 21:56:50.625543,402.58,4,completed
ORD00574,USER185,PROD43,2025-09-18 21:56:50.625543,625.87,5,completed
ORD00575,USER190,PROD14,2026-01-24 21:56:50.625543,863.74,4,completed
ORD00576,USER189,PROD42,2025-04-29 21:56:50.625543,950.03,3,completed
ORD00577,USER172,PROD41,2025-06-19 21:56:50.625543,155.6,8,completed
ORD00578,USER051,PROD39,2025-12-01 21:56:50.625543,927.32,4,completed
ORD00579,USER094,PROD02,2025-07-02 21:56:50.625543,497.2,2,completed
ORD00580,USER111,PROD04,2025-09-07 21:56:50.625543,265.66,2,completed
ORD00581,USER018,PROD22,2025-10-29 21:56:50.625543,464.54,1,completed
ORD00582,USER171,PROD16,2025-11-17 21:56:50.625543,980.23,4,shipped
ORD00583,USER085,PROD09,2025-10-29 21:56:50.625543,497.69,9,shipped
ORD00584,USER160,PROD37,2025-05-18 21:56:50.625543,335.46,7,pending
ORD00585,USER081,PROD14,2025-11-16 21:56:50.625543,637.07,7,completed
ORD00586,USER170,PROD05,2025-05-21 21:56:50.625543,247.74,7,cancelled
ORD00587,USER032,PROD49,2026-02-10 21:56:50.625543,85.1,8,completed
ORD00588,USER185,PROD36,2026-02-06 21:56:50.625543,137.59,1,pending
ORD00589,USER077,PROD14,2025-08-02 21:56:50.625543,136.77,8,completed
ORD00590,USER130,PROD38,2025-10-27 21:56:50.625543,160.38,4,pending
ORD00591,USER080,PROD14,2026-02-02 21:56:50.625543,147.44,4,completed
ORD00592,USER171,PROD15,2025-09-19 21:56:50.625543,644.47,4,cancelled
ORD00593,USER105,PROD22,2025-06-01 21:56:50.625543,190.06,6,shipped
ORD00594,USER084,PROD50,2025-11-08 21:56:50.625543,352.21,7,completed
ORD00595,USER104,PROD10,2026-01-08 21:56:50.625543,897.82,6,completed
ORD00596,USER179,PROD39,2025-12-11 21:56:50.625543,479.22,1,shipped
ORD00597,USER076,PROD01,2026-01-31 21:56:50.625543,670.88,8,completed
ORD00598,USER142,PROD18,2025-09-15 21:56:50.625543,180.6,7,cancelled
ORD00599,USER033,PROD10,2026-03-10 21:56:50.625543,200.37,6,completed
ORD00600,USER050,PROD09,2026-04-08 21:56:50.625543,50.46,6,completed
ORD00601,USER108,PROD35,2026-03-03 21:56:50.625543,177.25,5,completed
ORD00602,USER171,PROD17,2025-06-24 21:56:50.625543,285.8,6,completed
ORD00603,USER098,PROD12,2025-06-29 21:56:50.625543,185.24,9,pending
ORD00604,USER174,PROD08,2025-06-13 21:56:50.625543,97.82,9,completed
ORD00605,USER192,PROD43,2025-11-12 21:56:50.625543,129.43,8,completed
ORD00606,USER045,PROD02,2025-11-02 21:56:50.625543,466.17,9,completed
ORD00607,USER158,PROD09,2025-10-15 21:56:50.625543,214.27,8,completed
ORD00608,USER146,PROD01,2026-02-04 21:56:50.625543,370.63,8,cancelled
ORD00609,USER078,PROD23,2025-10-29 21:56:50.625543,508.38,1,shipped
ORD00610,USER104,PROD16,2025-07-07 21:56:50.625543,693.49,5,completed
ORD00611,USER141,PROD38,2025-08-04 21:56:50.625543,48.92,4,cancelled
ORD00612,USER001,PROD21,2026-02-27 21:56:50.625543,801.42,2,pending
ORD00613,USER078,PROD02,2026-01-10 21:56:50.625543,631.62,8,completed
ORD00614,USER074,PROD12,2025-11-16 21:56:50.625543,90.94,3,shipped
ORD00615,USER054,PROD17,2026-01-06 21:56:50.625543,874.84,4,completed
ORD00616,USER111,PROD04,2025-05-15 21:56:50.625543,921.66,7,completed
ORD00617,USER149,PROD09,2025-05-18 21:56:50.625543,70.47,9,cancelled
ORD00618,USER156,PROD48,2025-05-14 21:56:50.625543,284.11,2,completed
ORD00619,USER168,PROD27,2025-07-04 21:56:50.625543,808.14,3,cancelled
ORD00620,USER083,PROD34,2026-04-25 21:56:50.625543,750.78,4,cancelled
ORD00621,USER120,PROD08,2025-10-12 21:56:50.625543,192.68,1,completed
ORD00622,USER114,PROD48,2025-12-23 21:56:50.625543,217.26,7,cancelled
ORD00623,USER114,PROD05,2026-01-15 21:56:50.625543,376.77,2,completed
ORD00624,USER173,PROD31,2025-12-14 21:56:50.625543,489.68,5,completed
ORD00625,USER055,PROD29,2025-07-10 21:56:50.625543,622.07,1,completed
ORD00626,USER131,PROD50,2026-03-01 21:56:50.625543,375.22,3,shipped
ORD00627,USER122,PROD24,2026-01-13 21:56:50.625543,467.91,2,completed
ORD00628,USER189,PROD33,2025-07-05 21:56:50.625543,750.0,1,completed
ORD00629,USER044,PROD38,2025-10-09 21:56:50.625543,46.32,7,completed
ORD00630,USER169,PROD07,2026-03-04 21:56:50.625543,259.91,5,pending
ORD00631,USER022,PROD29,2025-10-05 21:56:50.625543,716.22,1,completed
ORD00632,USER073,PROD33,2025-07-17 21:56:50.625543,896.25,6,completed
ORD00633,USER132,PROD15,2025-11-12 21:56:50.625543,516.56,5,completed
ORD00634,USER170,PROD40,2026-03-06 21:56:50.625543,536.79,3,completed
ORD00635,USER163,PROD03,2025-09-25 21:56:50.625543,116.1,7,cancelled
ORD00636,USER159,PROD47,2026-02-22 21:56:50.625543,452.94,9,completed
ORD00637,USER086,PROD43,2025-10-14 21:56:50.625543,537.29,9,completed
ORD00638,USER024,PROD34,2026-01-09 21:56:50.625543,250.05,9,shipped
ORD00639,USER193,PROD20,2026-01-10 21:56:50.625543,276.55,2,completed
ORD00640,USER061,PROD30,2026-01-22 21:56:50.625543,383.51,3,shipped
ORD00641,USER173,PROD42,2025-12-31 21:56:50.625543,29.87,7,completed
ORD00642,USER080,PROD02,2026-04-22 21:56:50.625543,328.86,5,cancelled
ORD00643,USER058,PROD04,2026-02-07 21:56:50.625543,219.33,2,completed
ORD00644,USER051,PROD31,2025-09-25 21:56:50.625543,334.22,3,completed
ORD00645,USER038,PROD26,2025-12-24 21:56:50.625543,128.56,6,pending
ORD00646,USER007,PROD28,2025-05-03 21:56:50.625543,891.62,7,cancelled
ORD00647,USER012,PROD44,2025-10-30 21:56:50.625543,597.66,9,pending
ORD00648,USER063,PROD07,2025-10-11 21:56:50.625543,682.31,1,completed
ORD00649,USER122,PROD32,2026-04-04 21:56:50.625543,791.28,7,pending
ORD00650,USER157,PROD46,2025-06-20 21:56:50.625543,503.46,8,pending
ORD00651,USER197,PROD29,2025-11-24 21:56:50.625543,96.05,3,completed
ORD00652,USER019,PROD05,2026-02-17 21:56:50.625543,541.74,4,pending
ORD00653,USER117,PROD06,2025-09-29 21:56:50.625543,590.97,6,cancelled
ORD00654,USER107,PROD21,2026-04-12 21:56:50.625543,747.99,7,completed
ORD00655,USER162,PROD39,2026-03-13 21:56:50.625543,437.34,4,completed
ORD00656,USER148,PROD10,2025-05-08 21:56:50.625543,136.3,8,completed
ORD00657,USER050,PROD05,2026-02-24 21:56:50.625543,290.94,5,completed
ORD00658,USER184,PROD09,2025-12-23 21:56:50.625543,369.45,1,completed
ORD00659,USER179,PROD18,2025-09-07 21:56:50.625543,649.46,4,completed
ORD00660,USER099,PROD40,2026-03-26 21:56:50.625543,575.07,3,completed
ORD00661,USER127,PROD41,2026-02-15 21:56:50.625543,362.54,9,completed
ORD00662,USER103,PROD38,2026-02-14 21:56:50.625543,986.65,8,completed
ORD00663,USER063,PROD36,2025-08-19 21:56:50.625543,609.72,1,cancelled
ORD00664,USER038,PROD46,2025-05-21 21:56:50.625543,244.85,6,shipped
ORD00665,USER168,PROD21,2026-02-17 21:56:50.625543,110.76,9,completed
ORD00666,USER177,PROD25,2025-12-26 21:56:50.625543,161.33,7,shipped
ORD00667,USER002,PROD39,2025-07-21 21:56:50.625543,253.5,4,completed
ORD00668,USER193,PROD34,2026-01-18 21:56:50.625543,169.07,1,completed
ORD00669,USER198,PROD19,2026-03-13 21:56:50.625543,194.7,2,completed
ORD00670,USER028,PROD30,2026-03-08 21:56:50.625543,292.24,5,completed
ORD00671,USER200,PROD33,2025-11-05 21:56:50.625543,181.64,5,pending
ORD00672,USER109,PROD39,2025-07-09 21:56:50.625543,897.8,8,pending
ORD00673,USER057,PROD28,2026-04-08 21:56:50.625543,89.43,6,completed
ORD00674,USER046,PROD07,2025-08-27 21:56:50.625543,529.27,8,completed
ORD00675,USER179,PROD45,2025-05-11 21:56:50.625543,416.29,2,completed
ORD00676,USER133,PROD08,2026-02-12 21:56:50.625543,982.55,3,completed
ORD00677,USER119,PROD42,2026-04-18 21:56:50.625543,120.92,6,completed
ORD00678,USER013,PROD42,2025-06-20 21:56:50.625543,403.88,3,completed
ORD00679,USER143,PROD50,2025-07-31 21:56:50.625543,969.78,6,cancelled
ORD00680,USER064,PROD36,2025-05-04 21:56:50.625543,866.85,6,shipped
ORD00681,USER032,PROD47,2025-12-06 21:56:50.625543,818.9,2,completed
ORD00682,USER117,PROD14,2025-10-02 21:56:50.625543,265.32,7,shipped
ORD00683,USER035,PROD28,2025-11-25 21:56:50.625543,179.18,2,completed
ORD00684,USER119,PROD29,2025-07-11 21:56:50.625543,671.96,6,completed
ORD00685,USER171,PROD15,2025-11-22 21:56:50.625543,930.08,1,completed
ORD00686,USER136,PROD27,2026-04-13 21:56:50.625543,561.2,3,completed
ORD00687,USER144,PROD22,2025-08-07 21:56:50.625543,575.9,2,shipped
ORD00688,USER153,PROD30,2025-11-21 21:56:50.625543,287.18,7,completed
ORD00689,USER082,PROD26,2026-01-06 21:56:50.625543,771.8,4,completed
ORD00690,USER194,PROD27,2026-03-04 21:56:50.625543,195.17,8,completed
ORD00691,USER114,PROD47,2025-12-22 21:56:50.625543,330.44,6,completed
ORD00692,USER157,PROD07,2025-05-26 21:56:50.625543,431.18,4,cancelled
ORD00693,USER185,PROD21,2026-04-21 21:56:50.625543,512.53,5,completed
ORD00694,USER130,PROD28,2025-07-04 21:56:50.625543,249.99,9,completed
ORD00695,USER110,PROD21,2026-01-15 21:56:50.625543,123.69,7,completed
ORD00696,USER141,PROD43,2025-08-09 21:56:50.625543,614.51,9,completed
ORD00697,USER115,PROD17,2026-02-06 21:56:50.625543,295.74,7,completed
ORD00698,USER041,PROD24,2025-10-08 21:56:50.625543,585.43,1,completed
ORD00699,USER191,PROD10,2026-03-30 21:56:50.625543,162.82,8,completed
ORD00700,USER122,PROD44,2025-12-25 21:56:50.625543,486.33,4,pending
ORD00701,USER116,PROD31,2026-01-19 21:56:50.625543,537.26,3,cancelled
ORD00702,USER067,PROD05,2025-11-03 21:56:50.625543,61.31,7,cancelled
ORD00703,USER193,PROD06,2025-10-02 21:56:50.625543,343.24,3,completed
ORD00704,USER064,PROD06,2025-07-22 21:56:50.625543,143.07,8,completed
ORD00705,USER164,PROD06,2025-12-16 21:56:50.625543,72.74,6,completed
ORD00706,USER071,PROD28,2026-01-22 21:56:50.625543,990.06,5,pending
ORD00707,USER197,PROD07,2025-10-17 21:56:50.625543,329.13,4,completed
ORD00708,USER200,PROD48,2026-01-29 21:56:50.625543,811.78,8,completed
ORD00709,USER134,PROD48,2025-10-23 21:56:50.625543,262.09,8,completed
ORD00710,USER125,PROD24,2026-04-06 21:56:50.625543,684.69,1,completed
ORD00711,USER161,PROD09,2026-04-08 21:56:50.625543,762.63,9,completed
ORD00712,USER062,PROD36,2026-03-20 21:56:50.625543,599.68,5,completed
ORD00713,USER071,PROD04,2026-04-14 21:56:50.625543,476.86,4,pending
ORD00714,USER113,PROD38,2025-09-07 21:56:50.625543,417.72,6,completed
ORD00715,USER020,PROD36,2026-03-03 21:56:50.625543,355.38,6,completed
ORD00716,USER183,PROD36,2025-12-28 21:56:50.625543,930.23,2,completed
ORD00717,USER074,PROD22,2025-08-01 21:56:50.625543,832.31,8,completed
ORD00718,USER061,PROD43,2025-08-29 21:56:50.625543,965.38,7,completed
ORD00719,USER070,PROD08,2025-09-14 21:56:50.625543,133.05,1,pending
ORD00720,USER086,PROD27,2026-02-04 21:56:50.625543,733.56,5,completed
ORD00721,USER082,PROD23,2025-09-24 21:56:50.625543,938.96,6,cancelled
ORD00722,USER139,PROD43,2025-08-18 21:56:50.625543,189.42,4,completed
ORD00723,USER021,PROD49,2025-09-24 21:56:50.625543,75.83,2,completed
ORD00724,USER036,PROD28,2025-09-19 21:56:50.625543,743.71,4,pending
ORD00725,USER039,PROD47,2026-04-20 21:56:50.625543,578.73,1,completed
ORD00726,USER060,PROD04,2025-08-09 21:56:50.625543,843.41,7,completed
ORD00727,USER099,PROD19,2026-04-13 21:56:50.625543,148.37,2,completed
ORD00728,USER178,PROD39,2026-04-20 21:56:50.625543,797.31,2,completed
ORD00729,USER040,PROD20,2025-12-31 21:56:50.625543,209.61,9,cancelled
ORD00730,USER181,PROD23,2025-10-04 21:56:50.625543,172.02,5,completed
ORD00731,USER055,PROD07,2025-12-26 21:56:50.625543,172.62,2,pending
ORD00732,USER017,PROD37,2025-10-20 21:56:50.625543,816.43,9,cancelled
ORD00733,USER107,PROD33,2026-02-05 21:56:50.625543,668.55,9,completed
ORD00734,USER105,PROD14,2025-09-12 21:56:50.625543,527.83,1,shipped
ORD00735,USER085,PROD10,2025-09-19 21:56:50.625543,365.24,3,completed
ORD00736,USER139,PROD43,2025-06-26 21:56:50.625543,878.43,4,shipped
ORD00737,USER120,PROD31,2026-02-12 21:56:50.625543,398.52,7,completed
ORD00738,USER107,PROD15,2026-04-06 21:56:50.625543,818.43,4,completed
ORD00739,USER016,PROD07,2026-01-28 21:56:50.625543,444.74,2,completed
ORD00740,USER053,PROD23,2025-11-05 21:56:50.625543,383.17,7,completed
ORD00741,USER108,PROD36,2025-11-13 21:56:50.625543,468.05,6,completed
ORD00742,USER100,PROD24,2025-10-18 21:56:50.625543,308.36,3,pending
ORD00743,USER198,PROD08,2025-07-08 21:56:50.625543,750.13,6,completed
ORD00744,USER150,PROD49,2025-09-20 21:56:50.625543,507.69,6,completed
ORD00745,USER179,PROD18,2025-05-16 21:56:50.625543,239.89,5,pending
ORD00746,USER006,PROD37,2025-09-19 21:56:50.625543,900.58,4,completed
ORD00747,USER196,PROD15,2026-04-25 21:56:50.625543,390.05,1,shipped
ORD00748,USER148,PROD28,2025-06-04 21:56:50.625543,548.12,6,pending
ORD00749,USER098,PROD36,2025-10-19 21:56:50.625543,907.41,2,shipped
ORD00750,USER123,PROD50,2025-12-07 21:56:50.625543,628.0,3,pending
ORD00751,USER002,PROD40,2026-03-26 21:56:50.625543,125.73,8,completed
ORD00752,USER091,PROD40,2025-09-03 21:56:50.625543,940.43,6,completed
ORD00753,USER077,PROD44,2025-12-26 21:56:50.625543,631.43,3,pending
ORD00754,USER193,PROD42,2025-08-12 21:56:50.625543,341.56,7,completed
ORD00755,USER100,PROD36,2025-08-06 21:56:50.625543,147.88,4,completed
ORD00756,USER108,PROD02,2026-01-25 21:56:50.625543,796.08,9,completed
ORD00757,USER138,PROD39,2025-09-10 21:56:50.625543,623.87,5,shipped
ORD00758,USER192,PROD43,2026-02-06 21:56:50.625543,538.13,3,completed
ORD00759,USER189,PROD45,2026-04-16 21:56:50.625543,894.95,2,completed
ORD00760,USER140,PROD18,2025-09-11 21:56:50.625543,790.71,2,completed
ORD00761,USER155,PROD02,2025-07-04 21:56:50.625543,160.16,3,completed
ORD00762,USER057,PROD12,2025-06-19 21:56:50.625543,318.6,2,completed
ORD00763,USER125,PROD18,2026-03-06 21:56:50.625543,256.0,4,completed
ORD00764,USER057,PROD45,2026-02-19 21:56:50.625543,746.51,2,completed
ORD00765,USER070,PROD49,2025-08-25 21:56:50.625543,43.2,9,pending
ORD00766,USER112,PROD20,2025-08-27 21:56:50.625543,574.19,2,completed
ORD00767,USER125,PROD22,2025-05-20 21:56:50.625543,764.83,9,cancelled
ORD00768,USER008,PROD23,2026-04-02 21:56:50.625543,878.0,6,cancelled
ORD00769,USER100,PROD01,2026-01-21 21:56:50.625543,348.66,1,completed
ORD00770,USER087,PROD12,2025-08-18 21:56:50.625543,823.04,4,completed
ORD00771,USER172,PROD10,2026-03-17 21:56:50.625543,119.53,1,completed
ORD00772,USER174,PROD37,2025-08-22 21:56:50.625543,847.99,6,cancelled
ORD00773,USER104,PROD43,2025-05-21 21:56:50.625543,136.21,4,completed
ORD00774,USER186,PROD26,2025-06-15 21:56:50.625543,403.31,3,completed
ORD00775,USER043,PROD05,2025-11-22 21:56:50.625543,799.32,3,completed
ORD00776,USER120,PROD10,2025-10-11 21:56:50.625543,158.42,9,completed
ORD00777,USER033,PROD48,2025-12-22 21:56:50.625543,236.96,6,completed
ORD00778,USER160,PROD41,2025-06-15 21:56:50.625543,725.03,9,completed
ORD00779,USER137,PROD02,2026-04-08 21:56:50.625543,722.84,5,pending
ORD00780,USER007,PROD06,2025-07-04 21:56:50.625543,644.74,2,completed
ORD00781,USER101,PROD48,2025-04-27 21:56:50.625543,697.01,8,completed
ORD00782,USER152,PROD34,2026-01-31 21:56:50.625543,547.3,5,completed
ORD00783,USER145,PROD14,2025-07-14 21:56:50.625543,259.28,2,pending
ORD00784,USER170,PROD25,2025-11-19 21:56:50.625543,352.24,4,completed
ORD00785,USER007,PROD27,2026-03-25 21:56:50.625543,189.78,9,cancelled
ORD00786,USER022,PROD30,2025-12-24 21:56:50.625543,909.37,4,completed
ORD00787,USER165,PROD22,2025-12-25 21:56:50.625543,587.56,4,completed
ORD00788,USER110,PROD11,2026-03-24 21:56:50.625543,406.84,2,completed
ORD00789,USER035,PROD24,2025-08-05 21:56:50.625543,467.39,6,completed
ORD00790,USER119,PROD20,2025-09-19 21:56:50.625543,947.81,2,completed
ORD00791,USER047,PROD47,2025-10-06 21:56:50.625543,161.82,7,completed
ORD00792,USER013,PROD21,2025-09-18 21:56:50.625543,590.37,3,cancelled
ORD00793,USER067,PROD50,2026-03-21 21:56:50.625543,510.83,3,completed
ORD00794,USER098,PROD37,2025-05-25 21:56:50.625543,615.34,5,completed
ORD00795,USER084,PROD39,2025-06-09 21:56:50.625543,27.93,3,completed
ORD00796,USER055,PROD06,2026-03-24 21:56:50.625543,873.4,2,completed
ORD00797,USER117,PROD04,2026-02-12 21:56:50.625543,932.8,9,completed
ORD00798,USER084,PROD10,2025-08-21 21:56:50.625543,569.48,2,completed
ORD00799,USER087,PROD11,2026-01-23 21:56:50.625543,699.68,2,completed
ORD00800,USER195,PROD49,2025-05-14 21:56:50.625543,923.27,8,completed
ORD00801,USER098,PROD40,2025-07-23 21:56:50.625543,710.17,9,completed
ORD00802,USER072,PROD04,2025-11-24 21:56:50.625543,161.01,7,completed
ORD00803,USER193,PROD44,2025-07-24 21:56:50.625543,580.53,3,completed
ORD00804,USER108,PROD06,2025-05-13 21:56:50.625543,610.65,9,completed
ORD00805,USER065,PROD18,2025-11-14 21:56:50.625543,429.89,3,shipped
ORD00806,USER021,PROD29,2026-01-03 21:56:50.625543,739.08,5,completed
ORD00807,USER121,PROD43,2025-07-29 21:56:50.625543,935.02,9,completed
ORD00808,USER005,PROD28,2025-09-20 21:56:50.625543,926.31,3,completed
ORD00809,USER192,PROD32,2025-05-14 21:56:50.625543,456.33,7,pending
ORD00810,USER139,PROD39,2025-04-29 21:56:50.625543,122.11,1,pending
ORD00811,USER014,PROD29,2025-09-24 21:56:50.625543,984.99,4,completed
ORD00812,USER090,PROD27,2026-02-09 21:56:50.625543,840.51,4,shipped
ORD00813,USER058,PROD18,2026-02-27 21:56:50.625543,133.42,7,completed
ORD00814,USER167,PROD14,2025-06-18 21:56:50.625543,921.63,8,completed
ORD00815,USER018,PROD49,2025-10-13 21:56:50.625543,871.2,1,pending
ORD00816,USER200,PROD33,2025-09-17 21:56:50.625543,523.65,5,cancelled
ORD00817,USER167,PROD08,2025-12-13 21:56:50.625543,595.36,7,completed
ORD00818,USER011,PROD23,2026-03-19 21:56:50.625543,405.01,4,completed
ORD00819,USER194,PROD28,2026-01-28 21:56:50.625543,64.21,4,completed
ORD00820,USER008,PROD08,2026-01-18 21:56:50.625543,341.85,4,completed
ORD00821,USER064,PROD19,2026-01-02 21:56:50.625543,804.82,6,pending
ORD00822,USER052,PROD44,2025-07-02 21:56:50.625543,14.59,7,completed
ORD00823,USER006,PROD44,2026-01-08 21:56:50.625543,340.16,2,completed
ORD00824,USER160,PROD38,2025-12-20 21:56:50.625543,404.19,5,completed
ORD00825,USER040,PROD32,2025-09-11 21:56:50.625543,542.02,4,completed
ORD00826,USER062,PROD34,2025-08-01 21:56:50.625543,920.66,3,completed
ORD00827,USER033,PROD43,2025-06-21 21:56:50.625543,352.88,7,completed
ORD00828,USER122,PROD20,2025-10-11 21:56:50.625543,353.48,6,shipped
ORD00829,USER172,PROD03,2025-07-17 21:56:50.625543,740.13,7,cancelled
ORD00830,USER030,PROD15,2025-12-15 21:56:50.625543,457.7,5,completed
ORD00831,USER145,PROD26,2026-03-22 21:56:50.625543,232.36,6,cancelled
ORD00832,USER056,PROD39,2025-09-03 21:56:50.625543,457.92,5,pending
ORD00833,USER120,PROD04,2025-07-29 21:56:50.625543,149.45,7,pending
ORD00834,USER180,PROD01,2025-05-02 21:56:50.625543,184.62,2,completed
ORD00835,USER066,PROD14,2025-10-14 21:56:50.625543,503.38,5,completed
ORD00836,USER197,PROD20,2025-09-23 21:56:50.625543,424.74,6,completed
ORD00837,USER095,PROD14,2026-02-09 21:56:50.625543,915.7,6,completed
ORD00838,USER043,PROD50,2026-04-05 21:56:50.625543,368.77,5,completed
ORD00839,USER156,PROD09,2025-08-01 21:56:50.625543,584.78,7,completed
ORD00840,USER156,PROD49,2025-07-23 21:56:50.625543,635.94,8,completed
ORD00841,USER192,PROD17,2026-03-03 21:56:50.625543,22.96,7,pending
ORD00842,USER184,PROD19,2026-03-18 21:56:50.625543,666.9,5,completed
ORD00843,USER030,PROD21,2025-11-18 21:56:50.625543,186.26,1,completed
ORD00844,USER200,PROD08,2025-11-29 21:56:50.625543,961.46,5,shipped
ORD00845,USER042,PROD01,2026-01-13 21:56:50.625543,157.18,2,shipped
ORD00846,USER080,PROD32,2025-10-09 21:56:50.625543,420.48,5,pending
ORD00847,USER028,PROD48,2025-06-08 21:56:50.625543,94.5,5,shipped
ORD00848,USER149,PROD28,2025-11-16 21:56:50.625543,996.91,2,completed
ORD00849,USER007,PROD12,2026-04-02 21:56:50.625543,507.17,5,shipped
ORD00850,USER080,PROD09,2025-06-12 21:56:50.625543,599.43,4,completed
ORD00851,USER148,PROD25,2025-07-28 21:56:50.625543,76.41,1,completed
ORD00852,USER174,PROD35,2025-07-05 21:56:50.625543,752.46,3,completed
ORD00853,USER097,PROD46,2025-12-25 21:56:50.625543,217.81,1,completed
ORD00854,USER102,PROD15,2025-10-07 21:56:50.625543,899.07,5,completed
ORD00855,USER184,PROD33,2025-08-30 21:56:50.625543,213.09,4,completed
ORD00856,USER051,PROD36,2025-04-28 21:56:50.625543,198.78,7,pending
ORD00857,USER020,PROD43,2025-09-05 21:56:50.625543,46.18,5,completed
ORD00858,USER152,PROD23,2025-11-07 21:56:50.625543,477.35,4,completed
ORD00859,USER177,PROD05,2025-08-23 21:56:50.625543,569.19,2,cancelled
ORD00860,USER161,PROD26,2025-12-09 21:56:50.625543,75.05,4,completed
ORD00861,USER063,PROD48,2025-09-08 21:56:50.625543,777.77,2,completed
ORD00862,USER027,PROD03,2025-10-10 21:56:50.625543,458.76,8,completed
ORD00863,USER179,PROD28,2025-09-26 21:56:50.625543,529.15,3,completed
ORD00864,USER198,PROD02,2026-02-17 21:56:50.625543,446.36,9,completed
ORD00865,USER078,PROD30,2026-02-12 21:56:50.625543,406.76,4,shipped
ORD00866,USER176,PROD05,2025-04-30 21:56:50.625543,564.04,6,completed
ORD00867,USER154,PROD21,2025-09-05 21:56:50.625543,163.69,5,completed
ORD00868,USER031,PROD37,2026-03-25 21:56:50.625543,190.11,1,cancelled
ORD00869,USER145,PROD28,2025-10-26 21:56:50.625543,863.17,9,pending
ORD00870,USER011,PROD37,2026-04-14 21:56:50.625543,946.65,1,completed
ORD00871,USER089,PROD26,2025-08-23 21:56:50.625543,379.58,8,completed
ORD00872,USER137,PROD46,2025-05-26 21:56:50.625543,278.04,9,completed
ORD00873,USER110,PROD41,2026-04-01 21:56:50.625543,647.56,9,completed
ORD00874,USER170,PROD27,2025-06-24 21:56:50.625543,414.65,1,completed
ORD00875,USER095,PROD19,2025-12-19 21:56:50.625543,35.13,2,completed
ORD00876,USER018,PROD08,2025-09-29 21:56:50.625543,164.59,1,shipped
ORD00877,USER130,PROD26,2025-07-15 21:56:50.625543,718.81,2,completed
ORD00878,USER166,PROD02,2025-11-18 21:56:50.625543,662.33,8,completed
ORD00879,USER088,PROD21,2026-04-11 21:56:50.625543,36.83,5,completed
ORD00880,USER004,PROD11,2026-01-07 21:56:50.625543,229.75,7,completed
ORD00881,USER108,PROD40,2026-04-20 21:56:50.625543,238.76,2,completed
ORD00882,USER126,PROD30,2025-10-01 21:56:50.625543,675.17,8,completed
ORD00883,USER028,PROD45,2026-04-13 21:56:50.625543,29.51,6,cancelled
ORD00884,USER111,PROD24,2025-06-24 21:56:50.625543,113.07,8,completed
ORD00885,USER093,PROD06,2026-03-18 21:56:50.625543,801.92,1,completed
ORD00886,USER163,PROD28,2025-09-23 21:56:50.625543,186.76,1,completed
ORD00887,USER118,PROD07,2025-10-30 21:56:50.625543,656.22,7,completed
ORD00888,USER182,PROD16,2026-03-05 21:56:50.625543,245.8,8,completed
ORD00889,USER040,PROD28,2025-08-16 21:56:50.625543,108.45,3,completed
ORD00890,USER112,PROD38,2025-08-15 21:56:50.625543,250.74,5,completed
ORD00891,USER046,PROD26,2025-07-02 21:56:50.625543,725.04,1,completed
ORD00892,USER188,PROD34,2025-12-25 21:56:50.625543,857.14,7,cancelled
ORD00893,USER134,PROD06,2025-07-12 21:56:50.625543,831.92,5,shipped
ORD00894,USER167,PROD26,2025-12-13 21:56:50.625543,403.21,8,pending
ORD00895,USER070,PROD20,2026-03-01 21:56:50.625543,671.4,8,cancelled
ORD00896,USER158,PROD48,2025-11-02 21:56:50.625543,212.93,9,completed
ORD00897,USER138,PROD22,2025-11-23 21:56:50.625543,300.22,7,shipped
ORD00898,USER199,PROD15,2026-04-19 21:56:50.625543,897.37,1,completed
ORD00899,USER124,PROD22,2026-01-31 21:56:50.625543,22.87,3,shipped
ORD00900,USER120,PROD50,2025-12-22 21:56:50.625543,94.65,8,shipped
ORD00901,USER112,PROD11,2026-01-25 21:56:50.625543,215.81,3,pending
ORD00902,USER188,PROD05,2026-03-31 21:56:50.625543,36.27,8,shipped
ORD00903,USER152,PROD33,2025-08-14 21:56:50.625543,189.62,1,completed
ORD00904,USER069,PROD41,2025-08-29 21:56:50.625543,587.21,5,completed
ORD00905,USER083,PROD08,2026-04-08 21:56:50.625543,427.21,4,completed
ORD00906,USER063,PROD34,2026-02-24 21:56:50.625543,893.74,5,completed
ORD00907,USER023,PROD33,2025-06-05 21:56:50.625543,819.27,8,completed
ORD00908,USER072,PROD13,2026-01-19 21:56:50.625543,348.4,4,completed
ORD00909,USER116,PROD50,2025-12-09 21:56:50.625543,266.83,4,shipped
ORD00910,USER063,PROD23,2026-01-20 21:56:50.625543,385.9,3,completed
ORD00911,USER193,PROD23,2026-04-20 21:56:50.625543,594.39,7,pending
ORD00912,USER119,PROD47,2025-10-27 21:56:50.625543,275.38,3,shipped
ORD00913,USER146,PROD42,2025-06-03 21:56:50.625543,627.91,3,shipped
ORD00914,USER157,PROD10,2026-02-07 21:56:50.625543,415.32,5,shipped
ORD00915,USER172,PROD16,2025-06-21 21:56:50.625543,556.53,5,completed
ORD00916,USER098,PROD07,2025-05-26 21:56:50.625543,441.77,6,shipped
ORD00917,USER087,PROD10,2026-01-30 21:56:50.625543,301.52,8,pending
ORD00918,USER008,PROD17,2026-01-08 21:56:50.625543,948.97,6,completed
ORD00919,USER127,PROD13,2025-08-06 21:56:50.625543,765.97,1,completed
ORD00920,USER084,PROD12,2026-02-12 21:56:50.625543,148.71,8,pending
ORD00921,USER047,PROD39,2026-01-24 21:56:50.625543,869.78,8,completed
ORD00922,USER125,PROD10,2025-07-10 21:56:50.625543,492.56,9,completed
ORD00923,USER055,PROD49,2025-07-18 21:56:50.625543,895.61,9,completed
ORD00924,USER091,PROD49,2025-10-09 21:56:50.625543,801.86,2,completed
ORD00925,USER067,PROD42,2026-01-16 21:56:50.625543,430.96,2,completed
ORD00926,USER088,PROD05,2025-12-07 21:56:50.625543,32.24,3,pending
ORD00927,USER072,PROD12,2025-06-23 21:56:50.625543,275.99,1,completed
ORD00928,USER153,PROD50,2026-04-08 21:56:50.625543,546.22,4,completed
ORD00929,USER180,PROD41,2025-08-08 21:56:50.625543,637.14,4,completed
ORD00930,USER071,PROD32,2026-02-17 21:56:50.625543,265.31,9,completed
ORD00931,USER143,PROD30,2025-12-31 21:56:50.625543,147.96,9,shipped
ORD00932,USER003,PROD49,2025-06-10 21:56:50.625543,836.58,9,completed
ORD00933,USER133,PROD37,2026-01-11 21:56:50.625543,984.56,7,completed
ORD00934,USER049,PROD49,2025-12-09 21:56:50.625543,530.43,2,completed
ORD00935,USER022,PROD38,2025-05-23 21:56:50.625543,179.96,5,completed
ORD00936,USER062,PROD29,2025-12-13 21:56:50.625543,279.58,4,cancelled
ORD00937,USER185,PROD44,2025-07-01 21:56:50.625543,28.21,8,pending
ORD00938,USER105,PROD37,2026-01-12 21:56:50.625543,915.16,2,completed
ORD00939,USER126,PROD42,2025-11-23 21:56:50.625543,126.57,6,completed
ORD00940,USER143,PROD41,2025-12-14 21:56:50.625543,580.75,5,completed
ORD00941,USER195,PROD40,2026-02-07 21:56:50.625543,281.31,2,completed
ORD00942,USER062,PROD21,2025-05-24 21:56:50.625543,558.64,1,completed
ORD00943,USER177,PROD41,2026-02-05 21:56:50.625543,654.91,8,completed
ORD00944,USER122,PROD21,2025-12-17 21:56:50.625543,831.44,2,completed
ORD00945,USER166,PROD10,2026-04-04 21:56:50.625543,214.36,7,completed
ORD00946,USER183,PROD29,2025-09-29 21:56:50.625543,20.89,9,shipped
ORD00947,USER126,PROD05,2025-05-06 21:56:50.625543,145.52,9,shipped
ORD00948,USER115,PROD31,2025-11-13 21:56:50.625543,901.02,8,completed
ORD00949,USER005,PROD29,2025-09-02 21:56:50.625543,875.15,9,pending
ORD00950,USER024,PROD41,2025-04-26 21:56:50.625543,601.44,2,completed
ORD00951,USER076,PROD20,2025-08-14 21:56:50.625543,604.51,6,completed
ORD00952,USER057,PROD18,2026-02-15 21:56:50.625543,668.39,4,pending
ORD00953,USER104,PROD38,2025-06-01 21:56:50.625543,183.62,4,shipped
ORD00954,USER178,PROD04,2025-05-18 21:56:50.625543,915.27,5,shipped
ORD00955,USER063,PROD23,2025-11-27 21:56:50.625543,424.58,3,completed
ORD00956,USER079,PROD33,2025-10-18 21:56:50.625543,389.31,1,completed
ORD00957,USER170,PROD05,2026-04-18 21:56:50.625543,523.73,8,pending
ORD00958,USER149,PROD20,2025-05-27 21:56:50.625543,56.5,5,completed
ORD00959,USER095,PROD30,2026-01-27 21:56:50.625543,174.62,3,completed
ORD00960,USER122,PROD29,2025-05-25 21:56:50.625543,740.65,7,completed
ORD00961,USER142,PROD03,2025-05-30 21:56:50.625543,91.97,7,completed
ORD00962,USER136,PROD04,2025-12-22 21:56:50.625543,607.12,1,completed
ORD00963,USER089,PROD24,2025-05-11 21:56:50.625543,252.9,9,completed
ORD00964,USER109,PROD19,2025-09-18 21:56:50.625543,395.4,2,shipped
ORD00965,USER191,PROD05,2025-11-20 21:56:50.625543,295.81,5,completed
ORD00966,USER141,PROD42,2025-07-26 21:56:50.625543,362.12,5,completed
ORD00967,USER085,PROD06,2025-07-03 21:56:50.625543,721.86,8,completed
ORD00968,USER091,PROD40,2026-03-19 21:56:50.625543,304.15,8,completed
ORD00969,USER180,PROD39,2026-03-21 21:56:50.625543,570.74,7,completed
ORD00970,USER117,PROD33,2025-11-26 21:56:50.625543,481.29,7,completed
ORD00971,USER070,PROD25,2025-11-02 21:56:50.625543,667.03,6,cancelled
ORD00972,USER079,PROD30,2025-11-06 21:56:50.625543,937.46,6,completed
ORD00973,USER065,PROD38,2025-12-10 21:56:50.625543,735.25,9,shipped
ORD00974,USER060,PROD36,2025-11-04 21:56:50.625543,222.79,6,completed
ORD00975,USER031,PROD48,2025-11-03 21:56:50.625543,40.87,2,completed
ORD00976,USER185,PROD03,2025-06-05 21:56:50.625543,269.64,2,completed
ORD00977,USER050,PROD29,2026-04-09 21:56:50.625543,599.13,5,completed
ORD00978,USER081,PROD37,2026-03-29 21:56:50.625543,60.91,4,pending
ORD00979,USER031,PROD42,2026-01-26 21:56:50.625543,501.4,2,completed
ORD00980,USER191,PROD13,2025-07-02 21:56:50.625543,600.87,3,completed
ORD00981,USER138,PROD21,2026-03-25 21:56:50.625543,340.9,7,cancelled
ORD00982,USER196,PROD39,2025-10-20 21:56:50.625543,773.2,8,shipped
ORD00983,USER177,PROD31,2025-06-24 21:56:50.625543,115.53,6,cancelled
ORD00984,USER048,PROD33,2025-07-25 21:56:50.625543,84.39,5,completed
ORD00985,USER050,PROD10,2026-01-25 21:56:50.625543,730.91,1,pending
ORD00986,USER056,PROD04,2025-11-12 21:56:50.625543,500.54,8,completed
ORD00987,USER190,PROD29,2026-01-20 21:56:50.625543,691.52,3,completed
ORD00988,USER124,PROD07,2025-06-29 21:56:50.625543,440.48,6,completed
ORD00989,USER071,PROD22,2025-08-17 21:56:50.625543,253.94,3,completed
ORD00990,USER186,PROD46,2025-04-26 21:56:50.625543,820.91,7,completed
ORD00991,USER151,PROD06,2025-05-06 21:56:50.625543,801.42,7,completed
ORD00992,USER195,PROD33,2025-09-24 21:56:50.625543,697.75,9,cancelled
ORD00993,USER135,PROD42,2025-12-18 21:56:50.625543,279.42,5,completed
ORD00994,USER153,PROD12,2026-04-04 21:56:50.625543,594.33,8,completed
ORD00995,USER073,PROD03,2026-01-28 21:56:50.625543,367.36,8,completed
ORD00996,USER026,PROD16,2025-11-28 21:56:50.625543,100.67,1,shipped
ORD00997,USER050,PROD46,2026-01-22 21:56:50.625543,918.14,5,completed
ORD00998,USER076,PROD29,2025-11-05 21:56:50.625543,145.45,3,completed
ORD00999,USER059,PROD29,2025-08-20 21:56:50.625543,950.73,1,cancelled
ORD01000,USER093,PROD34,2025-08-29 21:56:50.625543,451.55,4,cancelled
